campus_abbreviation,campus_name,building_abbreviation,building_name
utm,Main Campus,ACS,AUTRY C. STEPHENS ENGR DISC BLDG
utm,Main Campus,ADH,ALMETRIS DUREN RESIDENCE HALL
utm,Main Campus,AF1,ATHLETIC FIELDS PAVILION (REHAB)
utm,Main Campus,AF2,ATHLETIC FIELDS PAVILION (EASTSIDE)
utm,Main Campus,AFP,ATHLETIC FIELDS PAVILION
utm,Main Campus,AHG,ANNA HISS GYMNASIUM
utm,Main Campus,ANB,ARNO NOWOTNY BUILDING
utm,Main Campus,AND,ANDREWS RESIDENCE HALL
utm,Main Campus,ART,ART BUILDING AND MUSEUM
utm,Main Campus,ASE,AEROSPACE ENGINEERING BUILDING
utm,Main Campus,ATT,AT&T EXECUTIVE EDUC & CONF CENTER
utm,Main Campus,BAT,BATTS HALL
utm,Main Campus,BBR,BASKETBALL & ROWING TRAINING FAC
utm,Main Campus,BEL,L. THEO BELLMONT HALL
utm,Main Campus,BEN,BENEDICT HALL
utm,Main Campus,BHD,BRACKENRIDGE RESIDENCE HALL
utm,Main Campus,BIO,BIOLOGICAL LABORATORIES
utm,Main Campus,BLD,BLANTON RESIDENCE HALL
utm,Main Campus,BMA,JACK S. BLANTON MUSEUM OF ART
utm,Main Campus,BME,BIOMEDICAL ENGINEERING BUILDING
utm,Main Campus,BMK,BLANTON MUSEUM ELLSWORTH KELLY
utm,Main Campus,BMS,BLANTON MUSEUM SMITH BUILDING
utm,Main Campus,BOT,BIOLOGICAL GREENHOUSE
utm,Main Campus,BRB,BERNARD AND AUDRE RAPOPORT BUILDING
utm,Main Campus,BRG,BRAZOS GARAGE
utm,Main Campus,BSB,BASKETBALL SUPPORT BLDG (REC SPORT)
utm,Main Campus,BTL,BATTLE HALL
utm,Main Campus,BUR,BURDINE HALL
utm,Main Campus,BWY,2616 WICHITA (BRIDGEWAY)
utm,Main Campus,CAL,CALHOUN HALL
utm,Main Campus,CBA,COLLEGE OF BUSINESS ADMINISTRATION
utm,Main Campus,CCG,CONFERENCE CENTER GARAGE
utm,Main Campus,CCJ,CONNALLY CENTER FOR JUSTICE
utm,Main Campus,CDA,COMAL CHILD DEVELOPMENT CTR ANNEX
utm,Main Campus,CDL,COLLECTIONS DEPOSIT LIBRARY
utm,Main Campus,CLK,CAVEN CLARK FIELD SUPPORT BUILDING
utm,Main Campus,CMA,JESSE H. JONES COMM. CTR. (BLDG. A)
utm,Main Campus,CMB,JESSE H. JONES COMM. CTR. (BLDG. B)
utm,Main Campus,CML,COMAL ST. CHILD DEVELOPMENT CENTER
utm,Main Campus,CPC,CPC FIELD STAFF OFFICE
utm,Main Campus,CPE,CHEMICAL AND PETROLEUM ENGINEERING
utm,Main Campus,CRD,CAROTHERS RESIDENCE HALL
utm,Main Campus,CRH,CREEKSIDE RESIDENCE HALL
utm,Main Campus,D21,DOBIE TWENTY21
utm,Main Campus,DEV,DEVELOPMENT OFFICE BUILDING
utm,Main Campus,DFA,E. WILLIAM DOTY FINE ARTS BUILDING
utm,Main Campus,DFF,UFCU DISCH-FALK FIELD
utm,Main Campus,DMC,G. B. DEALEY CENTER FOR NEW MEDIA
utm,Main Campus,E11,EQUIPMENT STOREHOUSE # 11
utm,Main Campus,E13,EQUIPMENT STOREHOUSE # 13
utm,Main Campus,E15,EQUIPMENT STOREHOUSE # 15
utm,Main Campus,E23,EQUIPMENT STOREHOUSE # 23
utm,Main Campus,E24,EQUIPMENT STOREHOUSE # 24
utm,Main Campus,E25,EQUIPMENT STOREHOUSE # 25
utm,Main Campus,E26,EQUIPMENT STOREHOUSE #26
utm,Main Campus,E27,EQUIPMENT STOREHOUSE #27
utm,Main Campus,ECG,EAST CAMPUS GARAGE
utm,Main Campus,ECJ,ERNEST COCKRELL JR. HALL
utm,Main Campus,EER,ENGR EDUCATION AND RESEARCH CENTER
utm,Main Campus,EPS,E.P. SCHOCH BUILDING
utm,Main Campus,ETC,ENGINEERING TEACHING CENTER II
utm,Main Campus,FAC,PETER T. FLAWN ACADEMIC CENTER
utm,Main Campus,FC1,FACILITIES COMPLEX BLDG. 1
utm,Main Campus,FC2,FACILITIES COMPLEX BLDG. 2
utm,Main Campus,FC3,FACILITIES COMPLEX BLDG. 3
utm,Main Campus,FC4,FACILITIES COMPLEX BLDG. 4
utm,Main Campus,FC5,FACILITIES COMPLEX BLDG. 5
utm,Main Campus,FC6,FACILITIES COMPLEX BLDG. 6
utm,Main Campus,FC7,FACILITIES COMPLEX BLDG. 7
utm,Main Campus,FC8,FACILITIES COMPLEX BLDG. 8
utm,Main Campus,FC9,CUSTODIAL SERVICES TRAINING FAC
utm,Main Campus,FDG,J. FRANK DOBIE GARAGE
utm,Main Campus,FDH,J. FRANK DOBIE HOUSE
utm,Main Campus,FNT,LARRY R. FAULKNER NANO SCI AND TECH
utm,Main Campus,G17,TRAFFIC KIOSK - 214 1/2 W 24TH ST
utm,Main Campus,GAR,GARRISON HALL
utm,Main Campus,GDC,GATES DELL COMPLEX
utm,Main Campus,GEA,MARY E. GEARING HALL
utm,Main Campus,GEB,DOROTHY L. GEBAUER BUILDING
utm,Main Campus,GHA,"GRADUATE HOUSING, UNIT A"
utm,Main Campus,GHB,"GRADUATE HOUSING, UNIT B"
utm,Main Campus,GHC,"GRADUATE HOUSING, UNIT C"
utm,Main Campus,GHD,"GRADUATE HOUSING, UNIT D"
utm,Main Campus,GHE,"GRADUATE HOUSING, UNIT E"
utm,Main Campus,GHF,"GRADUATE HOUSING, UNIT F"
utm,Main Campus,GLT,GARY L THOMAS ENERGY ENGR BLDG
utm,Main Campus,GOL,GOLDSMITH HALL
utm,Main Campus,GRC,GREGORY AQUATIC POOL CONTROL BLDG.
utm,Main Campus,GRE,GREGORY GYMNASIUM
utm,Main Campus,GRF,GREGORY AQUATIC FOOD SERVICE BLDG.
utm,Main Campus,GRP,GREGORY AQUATIC POOL EQUIP. BLDG.
utm,Main Campus,GRS,GREGORY AQUATIC POOL STORAGE BLDG.
utm,Main Campus,GSB,GRADUATE SCHOOL OF BUSINESS BLDG.
utm,Main Campus,GSM,"GRADUATE HOUSING, MAINTENANCE BLDG"
utm,Main Campus,GUG,GUADALUPE GARAGE
utm,Main Campus,GWB,GORDON-WHITE BUILDING
utm,Main Campus,HCG,HEALTH CENTER GARAGE
utm,Main Campus,HDB,HEALTH DISCOVERY BUILDING
utm,Main Campus,HLB,HEALTH LEARNING BUILDING
utm,Main Campus,HMA,HOGG MEMORIAL AUDITORIUM
utm,Main Campus,HRC,HARRY RANSOM CENTER
utm,Main Campus,HRH,RAINEY HALL
utm,Main Campus,HS4,HSS SUPPORT BLDG NO. 4
utm,Main Campus,HSM,WILLIAM RANDOLPH HEARST BLDG
utm,Main Campus,HTB,HEALTH TRANSFORMATION BUILDING
utm,Main Campus,IC2,2815 SAN GABRIEL (IC2 INSTITUTE)
utm,Main Campus,ICB,INTRAMURAL CONTROL BLDG.
utm,Main Campus,IMA,INTRAMURAL MAINT BLDG A
utm,Main Campus,IMB,INTRAMURAL MAINT BLDG B
utm,Main Campus,IPF,INDOOR PRACTICE FACILITY
utm,Main Campus,JCD,JESTER RESIDENCE HALL
utm,Main Campus,JES,BEAUFORD H. JESTER CENTER
utm,Main Campus,JGB,JACKSON GEOLOGICAL SCIENCES BLDG.
utm,Main Campus,JHH,JOHN W. HARGIS HALL
utm,Main Campus,JON,JESSE H. JONES HALL
utm,Main Campus,KEY,UNIVERSITY KEY BUILDING
utm,Main Campus,KIN,KINSOLVING RESIDENCE HALL
utm,Main Campus,LAC,LAKE AUSTIN CENTRE
utm,Main Campus,LBJ,LYNDON B JOHNSON LIBRARY
utm,Main Campus,LCH,LITTLEFIELD CARRIAGE HOUSE
utm,Main Campus,LDH,LONGHORN DINING FACILITY
utm,Main Campus,LFH,LITTLEFIELD HOME
utm,Main Campus,LNA,LEONA ST. CHILD DEVELOPMENT CENTER
utm,Main Campus,LS1,LANDSCAPE SERVICES STORAGE BLDG.
utm,Main Campus,LTD,LITTLEFIELD RESIDENCE HALL
utm,Main Campus,LTH,LABORATORY THEATER BLDG.
utm,Main Campus,MAG,MANOR GARAGE
utm,Main Campus,MAI,MAIN BUILDING
utm,Main Campus,MBB,MOFFETT MOLECULAR BIOLOGY BLDG.
utm,Main Campus,MCA,MOODY CENTER
utm,Main Campus,MEZ,MEZES HALL
utm,Main Campus,MFH,RICHARD MITHOFF TRK/SCR FIELDHOUSE
utm,Main Campus,MHD,MOORE-HILL RESIDENCE HALL
utm,Main Campus,MMS,MIKE A.MYERS TRACK & SOCCER STADIUM
utm,Main Campus,MNC,MONCRIEF-NEUHAUS ATHLETIC CENTER
utm,Main Campus,MRH,MUSIC BUILDING & RECITAL HALL
utm,Main Campus,MSB,2207 COMAL (MAIL SERVICE BUILDING)
utm,Main Campus,N24,2400 NUECES
utm,Main Campus,NEZ,NORTH END ZONE BUILDING
utm,Main Campus,NHB,NORMAN HACKERMAN BUILDING
utm,Main Campus,NMS,NEURAL AND MOLECULAR SCIENCE BLDG.
utm,Main Campus,NUG,NUECES GARAGE
utm,Main Campus,NUR,NURSING SCHOOL
utm,Main Campus,PAC,PERFORMING ARTS CENTER
utm,Main Campus,PAI,T.S. PAINTER HALL
utm,Main Campus,PAR,PARLIN HALL
utm,Main Campus,PAT,J.T. PATTERSON LABS.BLDG.
utm,Main Campus,PCL,PERRY-CASTANEDA LIBRARY
utm,Main Campus,PHD,PRATHER RESIDENCE HALL
utm,Main Campus,PHR,PHARMACY BUILDING
utm,Main Campus,PMA,"PHYSICS, MATH, & ASTRONOMY BUILDING"
utm,Main Campus,POB,PETER O'DONNELL JR. BUILDING
utm,Main Campus,PRH,DOBIE PAISANO RANCH HOUSE
utm,Main Campus,RHD,ROBERTS RESIDENCE HALL
utm,Main Campus,RHG,ROWLING HALL GARAGE
utm,Main Campus,RLP,PATTON HALL
utm,Main Campus,RRH,ROBERT B. ROWLING HALL
utm,Main Campus,RSC,RECREATIONAL SPORTS CENTER
utm,Main Campus,SAG,SAN ANTONIO GARAGE
utm,Main Campus,SBS,RED AND CHARLINE MCCOMBS FIELD
utm,Main Campus,SEA,SARAH M. & CHARLES E. SEAY BUILDING
utm,Main Campus,SEZ,SOUTH END ZONE
utm,Main Campus,SJG,SAN JACINTO GARAGE
utm,Main Campus,SJH,SAN JACINTO RESIDENCE HALL
utm,Main Campus,SMC,DELL SETON MEDICAL CENTER AT UT
utm,Main Campus,SRH,SID RICHARDSON HALL
utm,Main Campus,SSB,STUDENT SERVICES BUILDING
utm,Main Campus,STD,DARRELL K ROYAL TX MEMORIAL STADIUM
utm,Main Campus,SUT,SUTTON HALL
utm,Main Campus,SW7,2617 SPEEDWAY (OFC.BLDG.)
utm,Main Campus,SWG,SPEEDWAY GARAGE
utm,Main Campus,SZB,GEORGE I. SANCHEZ BUILDING
utm,Main Campus,TCC,JOE C THOMPSON CONFERENCE CENTER
utm,Main Campus,TCP,TEXAS COWBOYS PAVILION
utm,Main Campus,TLB,TEXAS LONGHORNS BOATHOUSE
utm,Main Campus,TMM,TX SCIENCE & NATURAL HISTORY MUSEUM
utm,Main Campus,TNH,TOWNES HALL
utm,Main Campus,TRG,TRINITY GARAGE
utm,Main Campus,TSB,TENNIS SUPPORT BUILDING
utm,Main Campus,TSC,LEE & JOE JAMAIL TEXAS SWIMMING CTR
utm,Main Campus,TSG,27TH STREET GARAGE
utm,Main Campus,TSP,TEXAS SWIMMING CENTER PUMP HOUSE
utm,Main Campus,TTC,TEXAS TENNIS CENTER
utm,Main Campus,UA9,2609 UNIVERSITY AVENUE
utm,Main Campus,UIL,UNIV. INTERSCHOLASTIC LEAGUE BLDG.
utm,Main Campus,UNB,UNION BUILDING
utm,Main Campus,UPB,UNIVERSITY POLICE BUILDING
utm,Main Campus,UTA,UT ADMINISTRATION BUILDING
utm,Main Campus,UTC,UNIVERSITY TEACHING CENTER
utm,Main Campus,UTX,ETTER-HARBIN ALUMNI CENTER
utm,Main Campus,WAG,WAGGENER HALL
utm,Main Campus,WAT,ARTHUR P. WATSON HOUSE
utm,Main Campus,WCH,WILL C. HOGG BLDG.
utm,Main Campus,WCP,"WILLIAM C. POWERS, JR. SAC"
utm,Main Campus,WEL,ROBERT A. WELCH HALL
utm,Main Campus,WGB,WHITAKER GATEWAY BUILDING
utm,Main Campus,WIN,F.L. WINSHIP DRAMA BLDG.
utm,Main Campus,WMB,WEST MALL OFFICE BLDG.
utm,Main Campus,WWH,WALTER WEBB HALL
utm,Main Campus,Z02,2007 GUADALUPE
utm,Main Campus,Z18,1504 E MLK JR BLVD
prc,Pickle Research Campus,ACB,ADVANCED COMPUTING BUILDING (205)
prc,Pickle Research Campus,AS1,EXPL.SHOCK EQUIP. SHELTER (PRC 123)
prc,Pickle Research Campus,AS2,SUB-SONIC WIND TUNNEL (PRC 124)
prc,Pickle Research Campus,AS3,EXPLOSIVE SHOCK MECHANICS (PRC 7A)
prc,Pickle Research Campus,AS4,AERO ENGR TEST FAC (PRC 124A)
prc,Pickle Research Campus,ASR,EXPERIMENTAL AERODYNAMICS (PRC 7)
prc,Pickle Research Campus,BE1,BEG LAB BLDG (PRC 131)
prc,Pickle Research Campus,BE2,BEG. REPOSITORY (PRC 132)
prc,Pickle Research Campus,BE3,BEG CORE RESEARCH BLDG (PRC 206)
prc,Pickle Research Campus,BEG,BEG MAIN BLDG (PRC 130)
prc,Pickle Research Campus,CM1,CMRG CHEMICAL STG BLDG (PRC 186)
prc,Pickle Research Campus,CM2,CMRG CONCRETE DURABIL. CTR.(PRC 26)
prc,Pickle Research Campus,CM3,CMRG-CONST.MATRLS.RES.GRP.(PRC 26A)
prc,Pickle Research Campus,CM4,CMRG - RESEARCH OFFICES (PRC 201)
prc,Pickle Research Campus,CMR,CMRG CONCRETE DURABIL. CTR.(PRC18B)
prc,Pickle Research Campus,CPR,COLLECTIONS PRES & RESEARCH PRC 176
prc,Pickle Research Campus,CW1,CTR WATER RESOURCES-LAB (PRC 120)
prc,Pickle Research Campus,CW2,PHYSICAL MODELING BLDG. (PRC 3A)
prc,Pickle Research Campus,CWE,CTR. WATER & ENVIRONMENT (PRC 119)
prc,Pickle Research Campus,E19,CEER TEST HOUSE
prc,Pickle Research Campus,ECB,E.E.R.L./C.E.S.E. (PRC 16)
prc,Pickle Research Campus,EM1,CES BOILER BUILDING (PRC 134)
prc,Pickle Research Campus,EM2,EME ANNEX (PRC 161)
prc,Pickle Research Campus,EM3,CEM EXPLOSIVES (PRC 169)
prc,Pickle Research Campus,EME,ELEC MECH./ENGR.RES.CTR.(PRC 133)
prc,Pickle Research Campus,FS1,FERGUSON ENGR LAB ANNEX (PRC 177)
prc,Pickle Research Campus,FS2,NEES@UTEXAS/FSL LAB ANNEX (PRC 46)
prc,Pickle Research Campus,FS3,FERGUSON LAB.-STRUCT.STRG.(PRC 24B)
prc,Pickle Research Campus,FS4,FERGUSON LAB-SUPP BLDG 4 (PRC 209)
prc,Pickle Research Campus,FS5,FERGUSON LAB-SUPP BLDG 5 (PRC 210)
prc,Pickle Research Campus,FS6,FERGUSON LAB-SUPP BLDG 6 (PRC 211)
prc,Pickle Research Campus,FSL,FERGUSON LAB.- MAIN BLDG. (PRC 24)
prc,Pickle Research Campus,G13,GUARD KIOSK - NORTH GATE (PRC 154)
prc,Pickle Research Campus,G14,GUARD KIOSK - EAST GATE (PRC 155)
prc,Pickle Research Campus,G15,GUARD KIOSK - SOUTH GATE (PRC 153)
prc,Pickle Research Campus,HYD,CEM HYDROGEN DEMO SITE (PRC 214)
prc,Pickle Research Campus,LCS,LSF COLD STORAGE CONT (PRC 213)
prc,Pickle Research Campus,ME1,MER SUPPORT BUILDING (PRC 179)
prc,Pickle Research Campus,MER,MICROELECT.& ENGR.RES.CTR.(PRC 160)
prc,Pickle Research Campus,NOB,NORTH OPERATIONS BUILDING (PRC 197)
prc,Pickle Research Campus,P15,PRC PHYSICAL PLANT ADMIN. (PRC 15)
prc,Pickle Research Campus,P19,PRC CUSTODIAL/SAFETY/GUARDS (PRC19)
prc,Pickle Research Campus,P25,PRC SUPPLY CENTER (PRC 25)
prc,Pickle Research Campus,P30,RECORDS STRG.#1-PETEX/K16C (PRC 30)
prc,Pickle Research Campus,P33,RECOR.STRG.#2-PETEX/ET.AL. (PRC 33)
prc,Pickle Research Campus,P45,UT PHYSICAL PLANT WAREHOUSE (PRC45)
prc,Pickle Research Campus,P51,PRC PHYSICAL PLANT STRG (PRC 51)
prc,Pickle Research Campus,P99,PRC PHYS.PLNT.GRD.MA.STRG.(PRC 99A)
prc,Pickle Research Campus,PC1,COMM TWR & MECH RM (PRC 171)
prc,Pickle Research Campus,PE1,PETROLEUM & GEOSYS. ENGR. (PRC 17)
prc,Pickle Research Campus,PPG,PHYSICAL PLANT GREENHOUSE (PRC 195)
prc,Pickle Research Campus,PTV,PTV-TV SATELLITE STATION (PRC 126)
prc,Pickle Research Campus,PX3,PETEX (PRC 2)
prc,Pickle Research Campus,ROC,RESEARCH OFFICE COMPLEX (PRC 196)
prc,Pickle Research Campus,SV1,PRC SERVICE CTR TRADES (PRC 136)
prc,Pickle Research Campus,SV2,PRC SVC.CTR./AUTO.&GRNDS. (PRC 135)
prc,Pickle Research Campus,T5A,TARL MOD. UNIT 5A - GAULT (PRC 5A)
prc,Pickle Research Campus,T5B,TARL MOD UNIT 5B - MARL (PRC 5B)
prc,Pickle Research Campus,T5C,TARL MOD. UNIT 5C - OFFICE (PRC 5C)
prc,Pickle Research Campus,T5D,TARL MOD. UNIT 5D - CLSRM (PRC 5D)
prc,Pickle Research Campus,TAR,TEXAS ARCHEOLOGICAL RES. LAB(PRC 5)
prc,Pickle Research Campus,TCB,J NEILS THOMPSON COMMONS (PRC 137)
prc,Pickle Research Campus,TM1,NON-VERT.PALEONTOLOGY LAB (PRC 122)
prc,Pickle Research Campus,TM2,TMM & MSI STORAGE (PRC 18A)
prc,Pickle Research Campus,TRR,CNTR. TRANSPORTATION RES. (PRC 170)
prc,Pickle Research Campus,VP1,VERT PALEONTOLOGY ANNEX (PRC 21)
prc,Pickle Research Campus,VP2,VERT PALEONTOLOGY ANNEX (PRC 21B)
prc,Pickle Research Campus,VPL,VERTEBRATE PALEONTOLOGY (PRC 6)
prc,Pickle Research Campus,WPR,WEST PICKLE RESEARCH BLDG (PRC 156)
mrc,Montopolis Research Center,MR1,MONTOPOLIS OFFICE TOWER
mrc,Montopolis Research Center,MR2,MONTOPOLIS FABRICATION BUILDING
mrc,Montopolis Research Center,MR3,MONTOPOLIS CENTRAL UTILITY BUILDING
aus,"Austin, TX",CCC,CAPITOL COMPLEX CHILD DEV CTR
aus,"Austin, TX",DI1,DISCOVERY TO IMPACT INNOVATION TWR
aus,"Austin, TX",DI2,DISCOVERY TO IMPACT INNOVATION LAB
aus,"Austin, TX",IPS,PLAZA 290 (IPSI RENTAL)
aus,"Austin, TX",JCB,JOHN S. & DRUCIE CHASE BUILDING
aus,"Austin, TX",KU2,KUTX-FM TRANSMITTER BLDG (1013180)
aus,"Austin, TX",UTG,UT GOLF ACADEMY
aus,"Austin, TX",Z16,2600 LAKE AUSTIN
aus,"Austin, TX",Z23,905 W 29TH
aus,"Austin, TX",Z24,2840 PEARL ST
aus,"Austin, TX",Z25,2842 PEARL ST
bfl,Brackenridge Field Lab,F01,BFL - BOAT HOUSE
bfl,Brackenridge Field Lab,F02,BFL - WELL HOUSE NO. 1
bfl,Brackenridge Field Lab,F03,BFL - WELL HOUSE NO. 2
bfl,Brackenridge Field Lab,F04,BFL - BUSH GREENHOUSE
bfl,Brackenridge Field Lab,F05,BFL - RARE PLANT GREENHOUSE
bfl,Brackenridge Field Lab,F08,BFL - STORAGE BLDG. NO.1
bfl,Brackenridge Field Lab,F09,BFL - STORAGE BLDG. NO.2
bfl,Brackenridge Field Lab,F12,BFL - STORAGE BLDG. NO.5
bfl,Brackenridge Field Lab,F13,BFL - STORAGE BLDG. NO.6
bfl,Brackenridge Field Lab,F15,BFL - STORAGE BLDG. NO.8
bfl,Brackenridge Field Lab,F16,BFL - TRACTOR SHED
bfl,Brackenridge Field Lab,F17,BFL - GREENHOUSE NO. 1
bfl,Brackenridge Field Lab,F18,BFL - GREENHOUSE NO 2
bfl,Brackenridge Field Lab,F19,BFL - GREENHOUSE NO. 5
bfl,Brackenridge Field Lab,F20,BIO. SCI. EXP. FIELD LAB.
bfl,Brackenridge Field Lab,F21,BFL - TROPICAL GREENHOUSE
bfl,Brackenridge Field Lab,F22,BFL - GREENHOUSE F22-1
bfl,Brackenridge Field Lab,F27,BFL - GREENHOUSE NO.17
bfl,Brackenridge Field Lab,F28,BFL - STORAGE SHED NO.18
bfl,Brackenridge Field Lab,F29,BFL - STORAGE SHED NO.20
bfl,Brackenridge Field Lab,F31,BFL - EXPERIMENT GARDEN TOOL SHED
bfl,Brackenridge Field Lab,F32,BFL - LAB BUILDING EQUIPMENT SHED
bfl,Brackenridge Field Lab,F33,BFL - REAR CYCAD G.H. BUILDING
bfl,Brackenridge Field Lab,F34,BFL - AVIARY BUILDING
bfl,Brackenridge Field Lab,F35,BFL - STORAGE BUILDING
bfl,Brackenridge Field Lab,F36,BFL - APHID GREENHOUSE
bfl,Brackenridge Field Lab,F42,BFL - WELL HOUSE NO. 3
jwc,Johnson Wildflower Center,L01,JWC - ADMIN & LIBRARY
jwc,Johnson Wildflower Center,L02,JWC - AUDITORIUM & GALLERY
jwc,Johnson Wildflower Center,L03,JWC - STORE
jwc,Johnson Wildflower Center,L04,JWC - TOWER & CAFE
jwc,Johnson Wildflower Center,L05,JWC - LITTLE HOUSE
jwc,Johnson Wildflower Center,L06,JWC - MCDERMOTT LEARNING CENTER
jwc,Johnson Wildflower Center,L07,JWC - POLE BARN
jwc,Johnson Wildflower Center,L08,JWC - OUTDOOR RESTROOMS
jwc,Johnson Wildflower Center,L09,JWC - GREENHOUSE #1
jwc,Johnson Wildflower Center,L10,JWC - GREENHOUSE #2
jwc,Johnson Wildflower Center,L11,JWC - RESEARCH BUILDING
jwc,Johnson Wildflower Center,L12,JWC - GUARD HOUSE
jwc,Johnson Wildflower Center,L13,JWC - PUMP HOUSE
jwc,Johnson Wildflower Center,L14,JWC - HAZMAT SHED
jwc,Johnson Wildflower Center,L15,JWC - INSECTARY
jwc,Johnson Wildflower Center,L16,JWC - FAMILY GARDEN RESTROOMS
jwc,Johnson Wildflower Center,L17,JWC - FAMILY GARDEN PUMP ROOM
jwc,Johnson Wildflower Center,L18,JWC - FAMILY GARDEN PAVILION
jwc,Johnson Wildflower Center,L19,JWC - ADMISSIONS KIOSK
mcd,McDonald Observatory,M01,MCD - RANCH PUMP BUILDING
mcd,McDonald Observatory,M02,MCD - INT. WATER  XFER. PUMP BLDG
mcd,McDonald Observatory,M03,MCD - FIRE PUMP & CHLOR. BLDG
mcd,McDonald Observatory,M04,MCD - WEIGHT ROOM
mcd,McDonald Observatory,M07,MCD- PHYSICAL PLANT/FIRE TRUCK BLDG
mcd,McDonald Observatory,M10,MCD - PUMP HOUSE GARAGE
mcd,McDonald Observatory,M13,MCD - ASTRONOMERS LODGE
mcd,McDonald Observatory,M14,MCD - RADIO REPEATER SHACK
mcd,McDonald Observatory,M15,MCD - W. L. MOODY CENTER
mcd,McDonald Observatory,M16,MCD - DAVID BOOTH DIRECTOR'S HOUSE
mcd,McDonald Observatory,M17,MCD - HOUSE B & GARAGE (4 BR)
mcd,McDonald Observatory,M18,MCD - HOUSE C (3 BR)
mcd,McDonald Observatory,M19,MCD - PHYSICAL PLANT SHOP BLDG
mcd,McDonald Observatory,M20,MCD - HOUSE E (2 BR)
mcd,McDonald Observatory,M21,MCD - HOUSE F & GARAGE (2 BR)
mcd,McDonald Observatory,M22,MCD - COTTAGE (STUDIO)
mcd,McDonald Observatory,M23,MCD - HOUSE H (3 BR)
mcd,McDonald Observatory,M24,MCD - HOUSE I & GARAGE (2 BR)
mcd,McDonald Observatory,M26,MCD - HOUSE L (3 BR)
mcd,McDonald Observatory,M27,MCD - WELL PUMP BUILDING
mcd,McDonald Observatory,M28,MCD - STORAGE BUILDING R
mcd,McDonald Observatory,M31,MCD - 30" TELESCOPE DOME BLDG
mcd,McDonald Observatory,M32,MCD - 36" TELESCOPE DOME BLDG
mcd,McDonald Observatory,M33,MCD - 82" TELESCOPE DOME BLDG
mcd,McDonald Observatory,M34,MCD - HARLAN J. SMITH TELESCOPE
mcd,McDonald Observatory,M35,MCD - HOUSE & GARAGE NO. 1 (4 BR)
mcd,McDonald Observatory,M36,MCD - HOUSE & GARAGE NO. 2 (4 BR)
mcd,McDonald Observatory,M37,MCD - HOUSE & GARAGE NO. 4 (4 BR)
mcd,McDonald Observatory,M38,MCD - HOUSE & GARAGE NO. 5 (4 BR)
mcd,McDonald Observatory,M39,MCD - HOUSE & GARAGE NO. 6 (4 BR)
mcd,McDonald Observatory,M40,MCD - HOUSE & GARAGE NO. 7 (4 BR)
mcd,McDonald Observatory,M41,MCD - HOUSE & GARAGE NO. 8 (4 BR)
mcd,McDonald Observatory,M42,MCD - HOUSE & GARAGE NO. 9 (4 BR)
mcd,McDonald Observatory,M43,MCD - HOUSE & GARAGE NO. 10 (4 BR)
mcd,McDonald Observatory,M44,MCD - HOUSE & GARAGE NO. 11 (4 BR)
mcd,McDonald Observatory,M45,MCD - HOUSE & GARAGE NO. 12 (4 BR)
mcd,McDonald Observatory,M46,MCD - HOUSE & GARAGE NO. 13 (4 BR)
mcd,McDonald Observatory,M47,MCD - HOUSE & GARAGE NO. 14 (4 BR)
mcd,McDonald Observatory,M48,MCD - HOUSE & GARAGE NO. 15 (4 BR)
mcd,McDonald Observatory,M49,MCD - HOUSE & GARAGE NO. 16 (4 BR)
mcd,McDonald Observatory,M50,MCD - HOUSE M (1 BR)
mcd,McDonald Observatory,M51,MCD - HANGER 18 (STORAGE BLDG)
mcd,McDonald Observatory,M52,MCD - VISITOR CENTER STORAGE BLDG
mcd,McDonald Observatory,M53,MCD - HOBBY-EBERLY TELESCOPE
mcd,McDonald Observatory,M54,MCD - HOUSE & GARAGE NO. 3 (3 BR)
mcd,McDonald Observatory,M55,MCD - HOUSE & GARAGE NO. 17 (3 BR)
mcd,McDonald Observatory,M57,MCD - HOUSE & GARAGE NO. 19 (3 BR)
mcd,McDonald Observatory,M58,MCD - HOUSE & GARAGE NO. 20 (3 BR)
mcd,McDonald Observatory,M59,MCD - MOBILE HOME NO. 1 (2 BR)
mcd,McDonald Observatory,M60,MCD - MOBILE HOME NO. 2 (2 BR)
mcd,McDonald Observatory,M61,MCD - MOBILE HOME NO. 3 (2 BR)
mcd,McDonald Observatory,M62,MCD - MOBILE HOME NO. 4 (2 BR)
mcd,McDonald Observatory,M63,MCD - FRANK N BASH VISITORS CENTER
mcd,McDonald Observatory,M64,MRLS LASER VAN
mcd,McDonald Observatory,M65,MGO ANNEX FACILITY
mcd,McDonald Observatory,M66,MGO OFFICE FACILITY
mcd,McDonald Observatory,M67,MCD - HET SUPPORT BUILDING
mcd,McDonald Observatory,M68,MCD- EDUCATION CTR TELESCOPE DOME 1
mcd,McDonald Observatory,M69,MCD- EDUCATION CTR TELESCOPE DOME 2
mcd,McDonald Observatory,M70,MCD - MOODY CTR 14" TELESCOPE BLDG
mcd,McDonald Observatory,M71,MCD - MOODY CTR 16" TELESCOPE BLDG
mcd,McDonald Observatory,M72,MCD - MONET DOME BUILDING
mcd,McDonald Observatory,M74,MCD - BLOOM HOUSE (1BR)
mcd,McDonald Observatory,M75,MCD - BOSTON DOME & CONTROL BLDGS
mcd,McDonald Observatory,M76,MCD - TRANSFORMER BLDG
mcd,McDonald Observatory,M77,MCD- EDUCATION CTR TELESCOPE DOME 3
mcd,McDonald Observatory,M78,MCD - HET MECHANICAL BUILDING
mcd,McDonald Observatory,M79,MCD - HET WEATHER STATION
mcd,McDonald Observatory,M80,MCD - WATER TREATMENT BUILDING
mcd,McDonald Observatory,M81,MCD - PHYSICAL PLANT SUPPORT BLDG
mcd,McDonald Observatory,M82,MCD - NEXUS HAUS (1 BR)
mcd,McDonald Observatory,M83,MCD - MOBILE HOME NO. 5 (2 BR)
mcd,McDonald Observatory,M84,MCD - MOBILE HOME NO. 6 (2 BR)
mcd,McDonald Observatory,M85,MCD - POOL SUPPORT BUILDING
mcd,McDonald Observatory,M86,MCD - VLBI CONTROL BUILDING
mcd,McDonald Observatory,M87,MCD - MGO SGSLR BUILDING
mcd,McDonald Observatory,M88,MCD - SADDLE PUMP HOUSE
mcd,McDonald Observatory,M89,MCD - SADDLE CHLORINATION BLDG
mcd,McDonald Observatory,M90,MCD - MOUNT LOCKE CHLORINATION BLDG
mcd,McDonald Observatory,M91,MCD - MOUNT FOWLKES SURGE TANK
msi,Marine Science Institute,S02,CAFETERIA
msi,Marine Science Institute,S06,MAIN ADMINISTRATION BUILDING
msi,Marine Science Institute,S08,MARINE OPERATIONS
msi,Marine Science Institute,S12,PHYSICAL PLANT - MAINTENANCE
msi,Marine Science Institute,S13,MAIN RESEARCH BUILDING
msi,Marine Science Institute,S14,DORMITORY
msi,Marine Science Institute,S15,BEACH STREET APTS
msi,Marine Science Institute,S19,SEAWATER CLARIFIER
msi,Marine Science Institute,S20,FISHERIES & MARICULTURE LAB (FAML)
msi,Marine Science Institute,S22,FAML SMALL TANK LABS
msi,Marine Science Institute,S23,WILSON COTTAGE NO. 1
msi,Marine Science Institute,S24,WILSON COTTAGE NO. 6
msi,Marine Science Institute,S25,WILSON COTTAGE NO. 5
msi,Marine Science Institute,S26,WILSON COTTAGE NO. 4
msi,Marine Science Institute,S27,WILSON COTTAGE NO. 3
msi,Marine Science Institute,S28,WILSON COTTAGE NO. 2
msi,Marine Science Institute,S31,RADIOACTIVE WASTE STORAGE BUILDING
msi,Marine Science Institute,S32,MARINE SCIENCE EDUCATION CENTER
msi,Marine Science Institute,S39,FAML LAB/GARAGES
msi,Marine Science Institute,S44,PIER TEACHING LAB
msi,Marine Science Institute,S45,WAREHOUSE
msi,Marine Science Institute,S46,ARK TURTLE BUILDING
msi,Marine Science Institute,S49,FAML PUMP SHED
msi,Marine Science Institute,S54,R/V KATY PAVILION
msi,Marine Science Institute,S55,ARK TURTLE ANNEX
msi,Marine Science Institute,S58,PHYSICAL PLANT GARAGE - RESEARCH
msi,Marine Science Institute,S60,PHYSICAL PLANT - GROUNDS
msi,Marine Science Institute,S63,FAML NORTH LAB
msi,Marine Science Institute,S65,CCA LARVICULTURE LAB
msi,Marine Science Institute,S66,ESTUARINE RESEARCH CENTER
msi,Marine Science Institute,S67,OILED WILDLIFE FACILITY
msi,Marine Science Institute,S68,CCOS MARICULTURE BUILDING
msi,Marine Science Institute,S69,CCOS CENTRAL PLANT
msi,Marine Science Institute,S70,CENTER COASTAL OCEAN SCIENCE (CCOS)
msi,Marine Science Institute,S71,FAML SEALAB
msi,Marine Science Institute,S74,FAML SOUTH GREENHOUSE
msi,Marine Science Institute,S75,FAML LARGE TANK LAB
msi,Marine Science Institute,S78,WILSON COTTAGE NO. 7
msi,Marine Science Institute,S79,WILSON COTTAGE NO. 12
msi,Marine Science Institute,S80,WILSON COTTAGE NO. 8
msi,Marine Science Institute,S81,WILSON COTTAGE NO. 13
msi,Marine Science Institute,S82,WILSON COTTAGE NO. 14
msi,Marine Science Institute,S83,WILSON COTTAGE NO. 9
msi,Marine Science Institute,S84,WILSON COTTAGE NO. 15
msi,Marine Science Institute,S85,WILSON COTTAGE NO. 10
msi,Marine Science Institute,S86,WILSON COTTAGE NO. 16
msi,Marine Science Institute,S87,WILSON COTTAGE NO. 11
msi,Marine Science Institute,S88,WILSON COTTAGE NO. 18
msi,Marine Science Institute,S89,WILSON COTTAGE NO. 17
msi,Marine Science Institute,S90,WILSON COTTAGE NO. 20
msi,Marine Science Institute,S91,WILSON COTTAGE NO. 19
msi,Marine Science Institute,S93,CP771551 S59 REPLACEMENT
msi,Marine Science Institute,S94,LUND HOUSE
msi,Marine Science Institute,S96,ESTUARINE RESEARCH CENTER DORMITORY
smv,Stengl Lost Pines,SCA,FIELD STATION LAB A
smv,Stengl Lost Pines,SCB,FIELD STATION LAB B
smv,Stengl Lost Pines,SCC,FIELD STATION LAB C
smv,Stengl Lost Pines,SLB,SLP - BARN
smv,Stengl Lost Pines,SLG,SLP - GREENHOUSE
smv,Stengl Lost Pines,SLM,SLP - MAINTENANCE BLDG
smv,Stengl Lost Pines,SLR,SLP - RANCH HOUSE
smv,Stengl Lost Pines,SLT,SLP - TRACTOR SHED
smv,Stengl Lost Pines,SPH,SLP - PUMP HOUSE
smv,Stengl Lost Pines,WRL,LORRAINE F WYER LAB
whc,Winedale Historical Center,W01,SPIES HOUSE-VISITORS CENTER
whc,Winedale Historical Center,W03,TERRY STUDENT CENTER
whc,Winedale Historical Center,W04,THEATER BARN
whc,Winedale Historical Center,W05,MCGREGOR-GRIMM HOUSE
whc,Winedale Historical Center,W06,HAZELS LONE OAK COTTAGE
whc,Winedale Historical Center,W07,FOUR-SQUARE BARN
whc,Winedale Historical Center,W08,LEWIS-WAGNER HOUSE
whc,Winedale Historical Center,W09,BIEGEL HOUSE
whc,Winedale Historical Center,W10,BOEKER LOG SMOKEHOUSE
whc,Winedale Historical Center,W11,KONESCHIK LOG KITCHEN
whc,Winedale Historical Center,W12,BARN
whc,Winedale Historical Center,W14,SHOP BUILDING
whc,Winedale Historical Center,W15,IMPLEMENT SHED
whc,Winedale Historical Center,W17,WELL HOUSE
whc,Winedale Historical Center,W18,REST ROOM BUILDING
whc,Winedale Historical Center,W19,THE MEADOWS FOUNDATION EDUCATION CT
whc,Winedale Historical Center,W20,THE WINEDALE STORE
whc,Winedale Historical Center,W21,WAGNER PUMP HOUSE
whc,Winedale Historical Center,W22,LEE WAGNER HOUSE
whc,Winedale Historical Center,W23,WINEDALE SCHOOL
whc,Winedale Historical Center,W24,THE WINEDALE GAS STATION
whc,Winedale Historical Center,W25,WAGNER STORAGE SHED
whc,Winedale Historical Center,W26,WAGNER MECHANICAL SHED
whc,Winedale Historical Center,W27,THE WINEDALE PAVILION
whc,Winedale Historical Center,W28,ACCESSIBLE THEATER BARN RESTROOM
